"id_item","est_dans_id_item","date_est_dans"
20001,30040,11-juil.-07
20002,30116,11-juil.-07
20003,30068,11-juil.-07
20004,30068,29-oct.-09
20005,30068,11-juil.-07
20006,30068,11-juil.-07
20007,30068,11-juil.-07
20008,30067,11-juil.-07
20009,30244,11-juil.-07
20010,30004,11-juil.-07
20011,30004,11-juil.-07
20012,30141,11-juil.-07
20013,30141,11-juil.-07
20014,30141,11-juil.-07
20015,30141,11-juil.-07
20016,30141,11-juil.-07
20017,30141,11-juil.-07
20018,30141,11-juil.-07
20019,30141,11-juil.-07
20020,30141,11-juil.-07
20021,30141,11-juil.-07
20022,30311,11-juil.-07
20023,30020,11-juil.-07
20024,30142,11-juil.-07
20025,30007,11-juil.-07
20026,30175,11-juil.-07
20027,30007,11-juil.-07
20028,30132,11-juil.-07
20030,30129,11-juil.-07
20031,30177,11-juil.-07
20032,30002,11-juil.-07
20033,30002,11-juil.-07
20034,30002,11-juil.-07
20035,30002,11-juil.-07
20036,30003,11-juil.-07
20037,30268,11-juil.-07
20038,30268,11-juil.-07
20039,30268,11-juil.-07
20040,30268,11-juil.-07
20041,30268,11-juil.-07
20042,30268,11-juil.-07
20043,30268,11-juil.-07
20044,30268,11-juil.-07
20045,30268,11-juil.-07
20046,30121,11-juil.-07
20047,30390,11-juil.-07
20048,30141,11-juil.-07
20049,30141,11-juil.-07
20050,30089,11-juil.-07
20051,30420,11-juil.-07
20052,30178,11-juil.-07
20053,30178,11-juil.-07
20054,30019,11-juil.-07
20055,30019,11-juil.-07
20056,30019,11-juil.-07
20057,30020,11-juil.-07
20058,30214,11-juil.-07
20059,30121,11-juil.-07
20060,30121,11-juil.-07
20061,30121,11-juil.-07
20062,30121,22-août-08
20063,30121,11-juil.-07
20064,30121,11-juil.-07
20065,30375,11-juil.-07
20066,30135,11-juil.-07
20067,30146,11-juil.-07
20068,30085,11-juil.-07
20069,30068,11-juil.-07
20070,30068,11-juil.-07
20071,30095,11-juil.-07
20072,30238,11-juil.-07
20073,30135,11-juil.-07
20074,30004,11-juil.-07
20075,30007,11-juil.-07
20076,30005,11-juil.-07
20077,30005,11-juil.-07
20079,30005,11-juil.-07
20080,30005,11-juil.-07
20081,30005,11-juil.-07
20082,30005,11-juil.-07
20083,30025,11-juil.-07
20084,30025,11-juil.-07
20085,30025,11-juil.-07
20086,30025,11-juil.-07
20087,30025,11-juil.-07
20088,30025,11-juil.-07
20089,30025,11-juil.-07
20090,30025,11-juil.-07
20091,30025,11-juil.-07
20092,30014,11-juil.-07
20093,30077,11-juil.-07
20094,30121,11-juil.-07
20095,30121,11-juil.-07
20096,30226,06-avr.-10
20097,30254,11-juil.-07
20098,30404,11-juil.-07
20099,30484,11-juil.-07
20100,30181,11-juil.-07
20101,30007,11-juil.-07
20102,30410,11-juil.-07
20103,30410,11-juil.-07
20104,30410,11-juil.-07
20105,30410,11-juil.-07
20106,30410,11-juil.-07
20107,30410,11-juil.-07
20108,30410,11-juil.-07
20109,30410,11-juil.-07
20110,30410,11-juil.-07
20111,30410,11-juil.-07
20112,30410,11-juil.-07
20113,30410,11-juil.-07
20114,30410,11-juil.-07
20115,30410,11-juil.-07
20116,30410,11-juil.-07
20117,30410,11-juil.-07
20118,30410,11-juil.-07
20119,30410,11-juil.-07
20120,30410,11-juil.-07
20121,30410,11-juil.-07
20122,30410,11-juil.-07
20123,30410,11-juil.-07
20124,30410,11-juil.-07
20125,30410,11-juil.-07
20126,30410,11-juil.-07
20127,30410,11-juil.-07
20128,30410,11-juil.-07
20129,30410,11-juil.-07
20130,30410,11-juil.-07
20131,30410,11-juil.-07
20132,30410,11-juil.-07
20133,30410,11-juil.-07
20134,30410,11-juil.-07
20135,30410,11-juil.-07
20136,30410,11-juil.-07
20137,30410,11-juil.-07
20138,30410,11-juil.-07
20139,30410,11-juil.-07
20140,30095,11-juil.-07
20141,30031,11-juil.-07
20142,30182,11-juil.-07
20143,30007,11-juil.-07
20144,30007,11-juil.-07
20145,30007,11-juil.-07
20146,30007,11-juil.-07
20147,30007,11-juil.-07
20148,30007,11-juil.-07
20149,30005,11-juil.-07
20150,30404,11-juil.-07
20151,30020,11-juil.-07
20152,30020,11-juil.-07
20153,30020,11-juil.-07
20154,30020,11-juil.-07
20155,30020,11-juil.-07
20156,30020,11-juil.-07
20157,30020,11-juil.-07
20158,30020,11-juil.-07
20159,30020,11-juil.-07
20160,30135,11-juil.-07
20161,30011,11-juil.-07
20162,30014,11-juil.-07
20163,30009,11-juil.-07
20164,30127,11-juil.-07
20165,30032,11-juil.-07
20166,30020,11-juil.-07
20167,30185,11-juil.-07
20168,30186,11-juil.-07
20169,30220,11-juil.-07
20170,30121,11-juil.-07
20171,30121,11-juil.-07
20172,30132,11-juil.-07
20173,30177,11-juil.-07
20174,30011,11-juil.-07
20175,30011,11-juil.-07
20176,30188,11-juil.-07
20177,30188,11-juil.-07
20178,30188,11-juil.-07
20179,30189,11-juil.-07
20180,30189,11-juil.-07
20181,30010,11-juil.-07
20182,30010,11-juil.-07
20183,30010,11-juil.-07
20184,30010,11-juil.-07
20185,30268,11-juil.-07
20186,30268,11-juil.-07
20187,30268,11-juil.-07
20188,30186,11-juil.-07
20189,30020,11-juil.-07
20190,30020,11-juil.-07
20191,30440,11-juil.-07
20192,30121,11-juil.-07
20194,30276,11-juil.-07
20195,30276,11-juil.-07
20196,30011,11-juil.-07
20197,30101,11-juil.-07
20198,30145,11-juil.-07
20199,30068,11-juil.-07
20200,30068,11-juil.-07
20201,30496,11-juil.-07
20202,30192,11-juil.-07
20203,30193,11-juil.-07
20204,30193,11-juil.-07
20205,30193,11-juil.-07
20206,30193,11-juil.-07
20207,30193,11-juil.-07
20208,30011,11-juil.-07
20209,30011,11-juil.-07
20210,30031,11-juil.-07
20211,30031,11-juil.-07
20212,30068,11-juil.-07
20213,30068,11-juil.-07
20214,30016,11-juil.-07
20215,30012,11-juil.-07
20216,30064,11-juil.-07
20217,30465,11-juil.-07
20218,30020,11-juil.-07
20219,30020,11-juil.-07
20220,30064,11-juil.-07
20221,30020,11-juil.-07
20222,30017,11-juil.-07
20223,30017,11-juil.-07
20224,30196,11-juil.-07
20225,30390,11-juil.-07
20226,30121,11-juil.-07
20227,30120,11-juil.-07
20228,30268,11-juil.-07
20229,30498,11-juil.-07
20230,30031,11-juil.-07
20231,30020,11-juil.-07
20232,30121,11-juil.-07
20233,30197,11-juil.-07
20234,30020,11-juil.-07
20235,30020,11-juil.-07
20236,30020,11-juil.-07
20237,30020,11-juil.-07
20238,30020,11-juil.-07
20239,30020,11-juil.-07
20240,30020,11-juil.-07
20241,30020,11-juil.-07
20242,30020,11-juil.-07
20243,30020,11-juil.-07
20244,30020,11-juil.-07
20245,30020,11-juil.-07
20246,30101,11-juil.-07
20247,30101,11-juil.-07
20248,30014,11-juil.-07
20249,30014,11-juil.-07
20250,30121,11-juil.-07
20251,30121,11-juil.-07
20252,30200,11-juil.-07
20253,30199,11-juil.-07
20254,30199,11-juil.-07
20255,30019,11-juil.-07
20256,30019,11-juil.-07
20257,30497,11-juil.-07
20258,30497,11-juil.-07
20259,30497,11-juil.-07
20260,30497,11-juil.-07
20261,30497,11-juil.-07
20262,30497,11-juil.-07
20263,30497,11-juil.-07
20264,30497,11-juil.-07
20265,30497,11-juil.-07
20266,30497,11-juil.-07
20267,30497,11-juil.-07
20268,30497,11-juil.-07
20270,30136,11-juil.-07
20271,30201,11-juil.-07
20272,30202,11-juil.-07
20273,30020,11-juil.-07
20274,30144,11-juil.-07
20275,30068,11-juil.-07
20276,30068,05-mars-08
20277,30054,11-juil.-07
20278,30007,11-juil.-07
20279,30007,11-juil.-07
20280,30007,11-juil.-07
20281,30007,11-juil.-07
20282,30007,11-juil.-07
20283,30007,11-juil.-07
20284,30007,11-juil.-07
20285,30007,11-juil.-07
20286,30007,11-juil.-07
20287,30148,11-juil.-07
20288,30276,05-mars-08
20289,30031,11-juil.-07
20290,30205,06-avr.-10
20291,30282,11-juil.-07
20292,30310,11-juil.-07
20293,30121,11-juil.-07
20294,30121,11-juil.-07
20295,30121,11-juil.-07
20296,30110,11-juil.-07
20297,30098,11-juil.-07
20298,30138,11-juil.-07
20299,30020,11-juil.-07
20300,30189,11-juil.-07
20301,30020,11-juil.-07
20302,30031,11-juil.-07
20303,30207,11-juil.-07
20304,30485,11-juil.-07
20305,30209,11-juil.-07
20306,30209,11-juil.-07
20307,30121,11-juil.-07
20308,30007,11-juil.-07
20309,30007,11-juil.-07
20310,30259,11-juil.-07
20311,30023,11-juil.-07
20312,30020,11-juil.-07
20313,30024,11-juil.-07
20314,30144,11-juil.-07
20315,30088,11-juil.-07
20316,30210,11-juil.-07
20317,30007,11-juil.-07
20318,30007,11-juil.-07
20319,30007,11-juil.-07
20320,30007,11-juil.-07
20321,30007,11-juil.-07
20322,30025,11-juil.-07
20323,30025,11-juil.-07
20324,30025,11-juil.-07
20325,30025,11-juil.-07
20326,30025,11-juil.-07
20327,30025,11-juil.-07
20328,30025,11-juil.-07
20329,30025,11-juil.-07
20330,30025,11-juil.-07
20331,30020,11-juil.-07
20332,30026,11-juil.-07
20333,30408,11-juil.-07
20334,30206,05-mars-08
20335,30410,11-juil.-07
20336,30410,11-juil.-07
20337,30410,11-juil.-07
20338,30507,11-juil.-07
20339,30027,11-juil.-07
20340,30213,11-juil.-07
20341,30212,11-juil.-07
20342,30212,11-juil.-07
20343,30141,05-nov.-07
20344,30284,11-juil.-07
20345,30284,01-déc.-09
20346,30284,11-juil.-07
20347,30284,11-juil.-07
20348,30161,11-juil.-07
20349,30161,11-juil.-07
20350,30215,11-juil.-07
20351,30084,11-juil.-07
20352,30069,11-juil.-07
20353,30362,11-juil.-07
20354,30095,11-juil.-07
20355,30193,11-juil.-07
20356,30193,11-juil.-07
20357,30193,11-juil.-07
20358,30216,11-juil.-07
20359,30030,11-juil.-07
20360,30017,11-juil.-07
20361,30468,11-juil.-07
20362,30218,11-juil.-07
20363,30033,11-juil.-07
20364,30507,11-juil.-07
20365,30447,11-juil.-07
20366,30106,11-juil.-07
20367,30121,11-juil.-07
20369,30031,11-juil.-07
20370,30031,11-juil.-07
20371,30031,14-déc.-09
20372,30031,11-juil.-07
20374,30031,11-juil.-07
20375,30031,11-juil.-07
20376,30031,11-juil.-07
20377,30031,11-juil.-07
20378,30031,11-juil.-07
20379,30031,11-juil.-07
20380,30031,11-juil.-07
20381,30031,11-juil.-07
20382,30031,11-juil.-07
20383,30031,14-déc.-09
20384,30031,11-juil.-07
20385,30031,11-juil.-07
20386,30121,11-juil.-07
20387,30121,11-juil.-07
20388,30121,11-juil.-07
20389,30121,11-juil.-07
20390,30101,11-juil.-07
20391,30246,11-juil.-07
20392,30054,11-juil.-07
20393,30274,11-juil.-07
20394,30254,11-juil.-07
20396,30257,11-juil.-07
20397,30410,11-juil.-07
20398,30160,11-juil.-07
20399,30148,11-juil.-07
20400,30390,11-juil.-07
20402,30486,11-juil.-07
20403,30053,11-juil.-07
20404,30218,11-juil.-07
20405,30219,11-juil.-07
20406,30121,11-juil.-07
20407,30145,11-juil.-07
20408,30020,11-juil.-07
20409,30034,11-juil.-07
20410,30432,11-juil.-07
20411,30068,11-juil.-07
20412,30068,11-juil.-07
20413,30121,11-juil.-07
20414,30145,11-juil.-07
20415,30020,11-juil.-07
20416,30416,11-juil.-07
20417,30222,11-juil.-07
20418,30222,11-juil.-07
20419,30222,11-juil.-07
20420,30222,11-juil.-07
20421,30105,11-juil.-07
20422,30020,11-juil.-07
20423,30054,11-juil.-07
20424,30054,11-juil.-07
20425,30054,11-juil.-07
20426,30064,11-juil.-07
20428,30054,11-juil.-07
20429,30349,11-juil.-07
20430,30050,11-juil.-07
20431,30155,11-juil.-07
20432,30155,11-juil.-07
20433,30224,11-juil.-07
20434,30036,11-juil.-07
20435,30301,11-juil.-07
20436,30026,11-juil.-07
20437,30010,11-juil.-07
20438,30033,11-juil.-07
20439,30033,11-juil.-07
20440,30068,11-juil.-07
20441,30068,11-juil.-07
20442,30225,11-juil.-07
20443,30492,11-juil.-07
20444,30492,11-juil.-07
20445,30492,11-juil.-07
20446,30492,11-juil.-07
20447,30492,11-juil.-07
20448,30226,11-juil.-07
20449,30038,11-juil.-07
20450,30037,11-juil.-07
20451,30227,11-juil.-07
20452,30441,11-juil.-07
20453,30031,11-juil.-07
20454,30218,11-juil.-07
20455,30218,11-juil.-07
20456,30238,11-juil.-07
20457,30148,11-juil.-07
20458,30148,11-juil.-07
20459,30148,11-juil.-07
20460,30148,11-juil.-07
20461,30148,11-juil.-07
20462,30148,11-juil.-07
20463,30401,11-juil.-07
20464,30031,11-juil.-07
20465,30020,11-juil.-07
20466,30056,11-juil.-07
20467,30041,11-juil.-07
20468,30041,11-juil.-07
20469,30020,11-juil.-07
20470,30025,14-mars-08
20471,30025,14-mars-08
20472,30020,11-juil.-07
20473,30011,11-juil.-07
20474,30084,11-juil.-07
20475,30084,11-juil.-07
20476,30084,11-juil.-07
20477,30068,11-juil.-07
20478,30068,11-juil.-07
20479,30068,11-juil.-07
20480,30068,11-juil.-07
20481,30069,11-juil.-07
20482,30069,11-juil.-07
20483,30069,11-juil.-07
20484,30069,11-juil.-07
20485,30101,11-juil.-07
20486,30043,11-juil.-07
20487,30043,11-juil.-07
20488,30121,11-juil.-07
20489,30026,11-juil.-07
20490,30012,29-oct.-09
20491,30044,11-juil.-07
20492,30232,11-juil.-07
20493,30288,11-juil.-07
20494,30133,11-juil.-07
20495,30116,11-juil.-07
20496,30116,11-juil.-07
20497,30116,11-juil.-07
20498,30116,11-juil.-07
20499,30095,11-juil.-07
20500,30368,11-juil.-07
20501,30007,11-juil.-07
20502,30160,11-juil.-07
20503,30160,11-juil.-07
20504,30121,11-juil.-07
20505,30020,11-juil.-07
20506,30020,11-juil.-07
20507,30070,11-juil.-07
20508,30456,11-juil.-07
20509,30220,11-juil.-07
20510,30235,11-juil.-07
20511,30042,11-juil.-07
20512,30231,11-juil.-07
20513,30068,11-juil.-07
20514,30068,11-juil.-07
20515,30068,11-juil.-07
20516,30323,11-juil.-07
20517,30238,11-juil.-07
20518,30238,11-juil.-07
20519,30238,11-juil.-07
20520,30135,11-juil.-07
20521,30240,11-juil.-07
20522,30068,11-juil.-07
20523,30054,11-juil.-07
20524,30054,11-juil.-07
20525,30017,11-juil.-07
20526,30416,11-juil.-07
20527,30031,11-juil.-07
20528,30007,11-juil.-07
20529,30007,11-juil.-07
20530,30007,11-juil.-07
20531,30007,11-juil.-07
20532,30007,11-juil.-07
20533,30007,11-juil.-07
20534,30007,11-juil.-07
20535,30241,06-avr.-10
20536,30242,11-juil.-07
20537,30107,11-juil.-07
20538,30354,06-avr.-10
20539,30243,11-juil.-07
20540,30243,11-juil.-07
20541,30243,11-juil.-07
20542,30243,11-juil.-07
20543,30243,11-juil.-07
20544,30243,11-juil.-07
20545,30243,11-juil.-07
20546,30243,11-juil.-07
20547,30243,11-juil.-07
20549,30390,11-juil.-07
20550,30380,11-juil.-07
20551,30121,11-juil.-07
20552,30178,11-juil.-07
20553,30137,11-juil.-07
20554,30367,11-juil.-07
20555,30245,11-juil.-07
20556,30020,11-juil.-07
20557,30020,11-juil.-07
20558,30069,11-juil.-07
20559,30222,11-juil.-07
20560,30222,11-juil.-07
20561,30247,11-juil.-07
20562,30481,11-juil.-07
20563,30020,11-juil.-07
20564,30121,11-juil.-07
20565,30248,11-juil.-07
20566,30068,11-juil.-07
20567,30020,11-juil.-07
20568,30020,11-juil.-07
20569,30020,11-juil.-07
20570,30020,11-juil.-07
20571,30020,23-nov.-09
20572,30020,11-juil.-07
20573,30263,06-avr.-10
20574,30250,11-juil.-07
20575,30136,11-juil.-07
20576,30087,11-juil.-07
20577,30087,11-juil.-07
20578,30020,11-juil.-07
20579,30166,11-juil.-07
20580,30046,11-juil.-07
20581,30053,11-juil.-07
20582,30053,11-juil.-07
20583,30137,11-juil.-07
20584,30137,11-juil.-07
20585,30137,11-juil.-07
20586,30303,11-juil.-07
20587,30409,11-juil.-07
20588,30411,11-juil.-07
20589,30121,11-juil.-07
20591,30137,11-juil.-07
20592,30137,11-juil.-07
20593,30137,11-juil.-07
20594,30137,11-juil.-07
20595,30137,11-juil.-07
20596,30137,11-juil.-07
20597,30137,11-juil.-07
20598,30137,11-juil.-07
20599,30137,11-juil.-07
20600,30137,11-juil.-07
20601,30274,11-juil.-07
20602,30274,11-juil.-07
20603,30274,11-juil.-07
20604,30274,11-juil.-07
20605,30243,11-juil.-07
20606,30251,11-juil.-07
20607,30108,11-juil.-07
20608,30132,11-juil.-07
20609,30085,11-juil.-07
20610,30498,11-juil.-07
20611,30089,11-juil.-07
20612,30381,11-juil.-07
20613,30253,11-juil.-07
20614,30254,11-juil.-07
20615,30254,11-juil.-07
20616,30020,11-juil.-07
20617,30011,11-juil.-07
20618,30031,11-juil.-07
20619,30222,11-juil.-07
20620,30027,11-juil.-07
20621,30017,11-juil.-07
20623,30136,11-juil.-07
20624,30136,11-juil.-07
20625,30121,11-juil.-07
20626,30095,11-juil.-07
20627,30048,11-juil.-07
20628,30085,11-juil.-07
20629,30101,11-juil.-07
20630,30361,11-juil.-07
20631,30103,11-juil.-07
20632,30301,11-juil.-07
20633,30025,14-mars-08
20635,30009,11-juil.-07
20636,30068,11-juil.-07
20637,30122,11-juil.-07
20638,30303,11-juil.-07
20639,30359,11-juil.-07
20640,30346,12-mars-09
20641,30194,11-juil.-07
20642,30014,11-juil.-07
20643,30449,11-juil.-07
20644,30256,11-juil.-07
20645,30256,11-juil.-07
20646,30049,11-juil.-07
20647,30033,11-juil.-07
20648,30257,11-juil.-07
20649,30257,11-juil.-07
20650,30011,11-juil.-07
20651,30132,11-juil.-07
20652,30434,11-juil.-07
20653,30050,11-juil.-07
20654,30178,11-juil.-07
20655,30178,11-juil.-07
20656,30258,11-juil.-07
20657,30095,11-juil.-07
20658,30095,11-juil.-07
20659,30436,11-juil.-07
20660,30020,11-juil.-07
20661,30011,11-juil.-07
20662,30051,11-juil.-07
20663,30051,11-juil.-07
20664,30121,11-juil.-07
20665,30025,14-mars-08
20666,30025,14-mars-08
20667,30025,14-mars-08
20668,30025,14-mars-08
20669,30260,11-juil.-07
20670,30261,11-juil.-07
20671,30352,11-juil.-07
20672,30020,11-juil.-07
20673,30009,11-juil.-07
20674,30135,11-juil.-07
20675,30400,11-juil.-07
20676,30265,11-juil.-07
20677,30383,12-mars-09
20678,30383,11-juil.-07
20679,30135,11-juil.-07
20680,30135,11-juil.-07
20681,30020,11-juil.-07
20682,30266,11-juil.-07
20683,30243,11-juil.-07
20684,30081,11-juil.-07
20685,30081,11-juil.-07
20686,30081,11-juil.-07
20687,30507,11-juil.-07
20688,30067,11-juil.-07
20689,30067,11-juil.-07
20690,30298,11-juil.-07
20691,30054,11-juil.-07
20692,30424,11-juil.-07
20693,30335,11-juil.-07
20694,30053,11-juil.-07
20695,30053,11-juil.-07
20696,30053,11-juil.-07
20697,30053,11-juil.-07
20698,30053,11-juil.-07
20699,30053,11-juil.-07
20700,30053,11-juil.-07
20701,30053,23-nov.-09
20702,30268,11-juil.-07
20703,30268,11-juil.-07
20704,30268,11-juil.-07
20705,30268,11-juil.-07
20706,30268,11-juil.-07
20707,30236,11-juil.-07
20708,30268,11-juil.-07
20709,30011,11-juil.-07
20710,30054,11-juil.-07
20711,30054,11-juil.-07
20712,30054,11-juil.-07
20713,30054,11-juil.-07
20714,30054,11-juil.-07
20715,30054,11-juil.-07
20716,30167,11-juil.-07
20717,30167,11-juil.-07
20718,30410,11-juil.-07
20719,30410,11-juil.-07
20720,30410,11-juil.-07
20721,30410,11-juil.-07
20722,30410,11-juil.-07
20723,30410,11-juil.-07
20724,30410,11-juil.-07
20725,30410,11-juil.-07
20726,30410,11-juil.-07
20727,30410,11-juil.-07
20728,30050,11-juil.-07
20729,30068,11-juil.-07
20731,30127,11-juil.-07
20732,30014,11-juil.-07
20733,30135,11-juil.-07
20734,30270,11-juil.-07
20735,30121,11-juil.-07
20736,30020,11-juil.-07
20737,30020,11-juil.-07
20738,30121,11-juil.-07
20739,30121,11-juil.-07
20740,30056,11-juil.-07
20741,30056,11-juil.-07
20742,30056,11-juil.-07
20743,30148,11-juil.-07
20744,30271,11-juil.-07
20745,30296,11-juil.-07
20746,30068,11-juil.-07
20747,30121,11-juil.-07
20748,30222,23-oct.-09
20749,30020,11-juil.-07
20750,30156,11-juil.-07
20751,30273,11-juil.-07
20752,30148,11-juil.-07
20753,30011,11-juil.-07
20754,30020,11-juil.-07
20755,30287,11-juil.-07
20756,30287,11-juil.-07
20757,30121,11-juil.-07
20758,30372,11-juil.-07
20759,30015,11-juil.-07
20760,30465,11-juil.-07
20761,30275,11-juil.-07
20762,30426,11-juil.-07
20763,30426,11-juil.-07
20764,30426,11-juil.-07
20765,30426,11-juil.-07
20766,30426,11-juil.-07
20767,30276,11-juil.-07
20768,30121,11-juil.-07
20769,30019,11-juil.-07
20770,30042,11-juil.-07
20771,30358,11-juil.-07
20772,30462,11-juil.-07
20773,30074,11-juil.-07
20774,30074,11-juil.-07
20775,30278,11-juil.-07
20776,30366,11-juil.-07
20777,30410,11-juil.-07
20778,30145,11-juil.-07
20779,30121,11-juil.-07
20780,30141,19-juin-09
20781,30020,11-juil.-07
20782,30058,11-juil.-07
20783,30058,11-juil.-07
20784,30058,11-juil.-07
20785,30058,11-juil.-07
20786,30061,11-juil.-07
20787,30061,11-juil.-07
20788,30061,11-juil.-07
20789,30061,11-juil.-07
20790,30184,11-juil.-07
20791,30031,11-juil.-07
20792,30040,11-juil.-07
20793,30068,11-juil.-07
20794,30121,11-juil.-07
20795,30068,11-juil.-07
20796,30068,11-juil.-07
20797,30506,11-juil.-07
20798,30506,11-juil.-07
20799,30506,11-juil.-07
20800,30281,11-juil.-07
20801,30020,11-juil.-07
20802,30089,11-juil.-07
20803,30089,11-juil.-07
20804,30206,11-juil.-07
20805,30283,11-juil.-07
20807,30095,11-juil.-07
20808,30012,11-juil.-07
20809,30053,11-juil.-07
20810,30020,11-juil.-07
20811,30121,11-juil.-07
20812,30121,11-juil.-07
20813,30482,11-juil.-07
20814,30020,11-juil.-07
20815,30030,11-juil.-07
20816,30347,11-juil.-07
20817,30062,11-juil.-07
20818,30062,11-juil.-07
20819,30062,11-juil.-07
20820,30062,11-juil.-07
20821,30017,11-juil.-07
20822,30167,11-juil.-07
20823,30121,11-juil.-07
20824,30121,11-juil.-07
20825,30410,11-juil.-07
20826,30450,11-juil.-07
20827,30462,11-juil.-07
20828,30014,11-juil.-07
20829,30410,11-juil.-07
20830,30410,11-juil.-07
20831,30410,11-juil.-07
20832,30497,11-juil.-07
20833,30288,11-juil.-07
20834,30288,11-juil.-07
20835,30399,11-juil.-07
20836,30289,11-juil.-07
20837,30098,11-juil.-07
20838,30315,11-juil.-07
20839,30486,11-juil.-07
20841,30425,11-juil.-07
20842,30425,11-juil.-07
20843,30425,11-juil.-07
20844,30338,11-juil.-07
20845,30198,11-juil.-07
20846,30108,11-juil.-07
20847,30456,11-juil.-07
20848,30063,11-juil.-07
20849,30291,11-juil.-07
20850,30291,11-juil.-07
20851,30291,11-juil.-07
20852,30121,11-juil.-07
20853,30064,11-juil.-07
20854,30020,11-juil.-07
20855,30204,11-juil.-07
20856,30135,11-juil.-07
20857,30480,11-juil.-07
20858,30071,11-juil.-07
20859,30031,11-juil.-07
20860,30012,11-juil.-07
20861,30011,11-juil.-07
20862,30011,11-juil.-07
20863,30065,11-juil.-07
20864,30066,11-juil.-07
20865,30290,11-juil.-07
20866,30112,11-juil.-07
20867,30293,11-juil.-07
20868,30105,11-juil.-07
20869,30105,11-juil.-07
20870,30105,11-juil.-07
20871,30105,11-juil.-07
20872,30044,11-juil.-07
20873,30020,11-juil.-07
20874,30020,11-juil.-07
20875,30067,11-juil.-07
20876,30067,11-juil.-07
20877,30067,11-juil.-07
20878,30350,11-juil.-07
20879,30426,11-juil.-07
20880,30497,11-juil.-07
20881,30394,11-juil.-07
20883,30125,11-juil.-07
20884,30125,11-juil.-07
20885,30069,11-juil.-07
20886,30069,11-juil.-07
20887,30069,11-juil.-07
20888,30015,11-juil.-07
20889,30105,11-juil.-07
20890,30297,11-juil.-07
20892,30393,03-sept.-08
20893,30121,11-juil.-07
20894,30121,11-juil.-07
20895,30121,11-juil.-07
20896,30121,11-juil.-07
20897,30101,11-juil.-07
20898,30101,11-juil.-07
20899,30101,11-juil.-07
20900,30101,11-juil.-07
20901,30020,11-juil.-07
20902,30135,11-juil.-07
20903,30299,11-juil.-07
20904,30054,11-juil.-07
20905,30011,11-juil.-07
20906,30011,11-juil.-07
20907,30236,11-juil.-07
20908,30300,11-juil.-07
20909,30301,11-juil.-07
20910,30107,11-juil.-07
20911,30137,11-juil.-07
20912,30135,11-juil.-07
20913,30135,11-juil.-07
20914,30135,11-juil.-07
20915,30133,11-juil.-07
20916,30133,11-juil.-07
20917,30107,11-juil.-07
20918,30107,11-juil.-07
20919,30107,11-juil.-07
20920,30107,11-juil.-07
20921,30107,11-juil.-07
20922,30107,11-juil.-07
20923,30081,11-juil.-07
20924,30007,11-juil.-07
20925,30083,11-juil.-07
20926,30108,11-juil.-07
20927,30369,11-juil.-07
20928,30369,11-juil.-07
20929,30369,11-juil.-07
20930,30369,11-juil.-07
20931,30369,11-juil.-07
20932,30369,11-juil.-07
20933,30303,11-juil.-07
20934,30303,11-juil.-07
20935,30303,11-juil.-07
20936,30020,11-juil.-07
20937,30005,11-juil.-07
20938,30495,11-juil.-07
20939,30136,11-juil.-07
20940,30425,11-juil.-07
20941,30400,11-juil.-07
20942,30304,11-juil.-07
20943,30305,11-juil.-07
20944,30305,11-juil.-07
20945,30305,11-juil.-07
20946,30047,11-juil.-07
20947,30047,11-juil.-07
20948,30136,11-juil.-07
20949,30378,11-juil.-07
20950,30064,11-juil.-07
20951,30020,11-juil.-07
20953,30067,11-juil.-07
20954,30068,11-juil.-07
20955,30070,11-juil.-07
20956,30280,11-juil.-07
20957,30071,11-juil.-07
20958,30020,11-juil.-07
20959,30363,11-juil.-07
20960,30135,11-juil.-07
20961,30369,11-juil.-07
20962,30410,11-juil.-07
20963,30190,11-juil.-07
20964,30073,11-juil.-07
20965,30307,11-juil.-07
20966,30081,11-juil.-07
20967,30085,11-juil.-07
20968,30068,11-juil.-07
20969,30324,11-juil.-07
20970,30308,11-juil.-07
20971,30309,11-juil.-07
20972,30121,11-juil.-07
20973,30068,11-juil.-07
20974,30068,11-juil.-07
20975,30068,11-juil.-07
20976,30068,11-juil.-07
20977,30068,11-juil.-07
20978,30068,11-juil.-07
20979,30068,11-juil.-07
20980,30068,11-juil.-07
20981,30068,11-juil.-07
20982,30068,11-juil.-07
20983,30068,11-juil.-07
20984,30068,11-juil.-07
20985,30068,11-juil.-07
20986,30310,11-juil.-07
20987,30068,11-juil.-07
20988,30411,11-juil.-07
20989,30020,11-juil.-07
20990,30271,11-juil.-07
20991,30310,11-juil.-07
20992,30007,11-juil.-07
20993,30095,11-juil.-07
20994,30095,11-juil.-07
20995,30211,11-juil.-07
20996,30007,11-juil.-07
20997,30020,11-juil.-07
20998,30042,11-juil.-07
20999,30328,11-juil.-07
21000,30481,11-juil.-07
21001,30313,11-juil.-07
21002,30313,11-juil.-07
21003,30313,11-juil.-07
21004,30313,11-juil.-07
21005,30313,11-juil.-07
21006,30427,11-juil.-07
21007,30007,11-juil.-07
21008,30076,11-juil.-07
21009,30255,11-juil.-07
21010,30015,11-juil.-07
21011,30020,11-juil.-07
21012,30046,11-juil.-07
21013,30020,11-juil.-07
21014,30020,11-juil.-07
21015,30020,11-juil.-07
21016,30030,11-juil.-07
21017,30020,11-juil.-07
21018,30315,11-juil.-07
21019,30315,11-juil.-07
21020,30315,11-juil.-07
21021,30315,11-juil.-07
21022,30315,11-juil.-07
21023,30132,11-juil.-07
21024,30409,11-juil.-07
21025,30409,11-juil.-07
21026,30287,11-juil.-07
21027,30077,11-juil.-07
21028,30239,11-juil.-07
21029,30317,11-juil.-07
21030,30144,11-juil.-07
21031,30067,11-juil.-07
21032,30095,11-juil.-07
21033,30095,11-juil.-07
21034,30020,11-juil.-07
21035,30121,11-juil.-07
21036,30089,29-oct.-09
21037,30255,11-juil.-07
21038,30411,11-juil.-07
21039,30411,11-juil.-07
21040,30062,11-juil.-07
21041,30121,11-juil.-07
21042,30121,11-juil.-07
21043,30160,11-juil.-07
21044,30321,11-juil.-07
21045,30371,11-juil.-07
21046,30371,11-juil.-07
21047,30322,11-juil.-07
21048,30121,11-juil.-07
21049,30019,11-juil.-07
21050,30037,11-juil.-07
21051,30037,11-juil.-07
21052,30037,11-juil.-07
21053,30019,11-juil.-07
21054,30019,11-juil.-07
21055,30020,25-déc.-07
21056,30035,11-juil.-07
21057,30020,11-juil.-07
21058,30068,11-juil.-07
21059,30148,11-juil.-07
21060,30047,11-juil.-07
21061,30330,11-juil.-07
21062,30020,11-juil.-07
21063,30382,11-juil.-07
21064,30085,11-juil.-07
21065,30430,11-juil.-07
21066,30430,11-juil.-07
21067,30031,11-juil.-07
21068,30450,11-juil.-07
21069,30410,11-juil.-07
21070,30325,11-juil.-07
21071,30326,11-juil.-07
21072,30013,11-juil.-07
21073,30013,11-juil.-07
21074,30080,11-juil.-07
21075,30121,11-juil.-07
21076,30068,11-juil.-07
21077,30020,11-juil.-07
21078,30050,11-juil.-07
21079,30050,11-juil.-07
21080,30050,11-juil.-07
21081,30007,11-juil.-07
21082,30081,11-juil.-07
21083,30020,11-juil.-07
21084,30020,11-juil.-07
21085,30020,11-juil.-07
21086,30020,11-juil.-07
21087,30020,11-juil.-07
21088,30020,11-juil.-07
21089,30081,11-juil.-07
21090,30328,11-juil.-07
21091,30328,11-juil.-07
21092,30328,11-juil.-07
21093,30328,11-juil.-07
21094,30026,11-juil.-07
21095,30107,11-juil.-07
21096,30107,11-juil.-07
21097,30385,11-juil.-07
21098,30084,11-juil.-07
21099,30084,11-juil.-07
21100,30084,11-juil.-07
21101,30084,11-juil.-07
21102,30084,11-juil.-07
21103,30084,11-juil.-07
21104,30084,11-juil.-07
21105,30084,11-juil.-07
21106,30082,11-juil.-07
21107,30054,11-juil.-07
21108,30054,11-juil.-07
21109,30054,11-juil.-07
21110,30054,11-juil.-07
21111,30054,11-juil.-07
21112,30054,11-juil.-07
21113,30054,11-juil.-07
21114,30054,11-juil.-07
21115,30054,11-juil.-07
21116,30054,11-juil.-07
21117,30054,11-juil.-07
21118,30064,11-juil.-07
21119,30450,11-juil.-07
21120,30135,11-juil.-07
21121,30089,11-juil.-07
21122,30121,11-juil.-07
21123,30141,11-juil.-07
21124,30056,11-juil.-07
21125,30068,11-juil.-07
21126,30020,11-juil.-07
21127,30020,11-juil.-07
21128,30053,11-juil.-07
21129,30053,11-juil.-07
21130,30092,11-juil.-07
21131,30224,11-juil.-07
21132,30086,11-juil.-07
21133,30085,11-juil.-07
21134,30180,11-juil.-07
21135,30161,11-juil.-07
21136,30020,11-juil.-07
21137,30116,11-juil.-07
21138,30331,11-juil.-07
21139,30331,11-juil.-07
21140,30358,11-juil.-07
21141,30332,11-juil.-07
21142,30332,11-juil.-07
21143,30068,11-juil.-07
21144,30068,11-juil.-07
21145,30068,11-juil.-07
21146,30087,11-juil.-07
21147,30085,11-juil.-07
21148,30095,11-juil.-07
21149,30092,11-juil.-07
21150,30121,11-juil.-07
21151,30068,11-juil.-07
21152,30333,11-juil.-07
21153,30020,11-juil.-07
21154,30020,11-juil.-07
21155,30297,11-juil.-07
21156,30334,11-juil.-07
21157,30031,11-juil.-07
21158,30031,11-juil.-07
21159,30310,11-juil.-07
21160,30496,11-juil.-07
21161,30451,11-juil.-07
21162,30451,11-juil.-07
21163,30335,11-juil.-07
21164,30297,11-juil.-07
21165,30246,11-juil.-07
21166,30337,11-mars-09
21167,30105,11-juil.-07
21168,30336,11-juil.-07
21169,30020,11-juil.-07
21170,30020,11-juil.-07
21171,30211,11-juil.-07
21172,30011,11-juil.-07
21173,30121,11-juil.-07
21174,30121,11-juil.-07
21175,30020,11-juil.-07
21177,30107,11-juil.-07
21178,30107,11-juil.-07
21179,30089,11-juil.-07
21180,30411,11-juil.-07
21181,30020,25-déc.-07
21182,30120,11-juil.-07
21183,30120,11-juil.-07
21184,30120,11-juil.-07
21185,30339,11-juil.-07
21186,30145,11-juil.-07
21187,30090,11-juil.-07
21188,30090,11-juil.-07
21189,30320,11-juil.-07
21190,30163,11-juil.-07
21191,30076,11-juil.-07
21192,30093,11-juil.-07
21193,30141,11-juil.-07
21194,30069,11-juil.-07
21195,30118,11-juil.-07
21196,30341,11-juil.-07
21197,30017,11-juil.-07
21198,30360,11-juil.-07
21199,30176,11-juil.-07
21200,30342,11-juil.-07
21201,30342,11-juil.-07
21202,30342,11-juil.-07
21203,30121,11-juil.-07
21204,30121,11-juil.-07
21206,30040,11-juil.-07
21207,30343,11-juil.-07
21208,30343,11-juil.-07
21209,30035,11-juil.-07
21210,30012,11-juil.-07
21211,30020,11-juil.-07
21212,30068,11-juil.-07
21213,30222,11-juil.-07
21214,30053,11-juil.-07
21215,30347,11-juil.-07
21216,30068,11-juil.-07
21217,30348,11-juil.-07
21218,30348,11-juil.-07
21219,30348,11-juil.-07
21220,30353,11-juil.-07
21221,30422,11-juil.-07
21222,30148,11-juil.-07
21223,30091,11-juil.-07
21224,30350,11-juil.-07
21225,30127,11-juil.-07
21226,30092,11-juil.-07
21227,30237,11-juil.-07
21228,30128,11-juil.-07
21229,30101,11-juil.-07
21230,30416,11-juil.-07
21231,30351,11-juil.-07
21232,30511,11-juil.-07
21233,30356,11-juil.-07
21234,30142,11-juil.-07
21235,30093,11-juil.-07
21236,30024,11-juil.-07
21237,30354,11-juil.-07
21238,30327,11-juil.-07
21247,30067,11-juil.-07
21248,30094,11-juil.-07
21249,30135,11-juil.-07
21250,30095,11-juil.-07
21251,30019,11-juil.-07
21252,30095,11-juil.-07
21253,30047,11-juil.-07
21254,30148,11-juil.-07
21255,30466,11-juil.-07
21256,30009,11-juil.-07
21257,30067,11-juil.-07
21259,30096,11-juil.-07
21260,30294,11-juil.-07
21261,30012,11-juil.-07
21262,30203,11-juil.-07
21263,30020,11-juil.-07
21264,30020,11-juil.-07
21265,30031,11-juil.-07
21266,30487,11-juil.-07
21267,30487,11-juil.-07
21268,30068,11-juil.-07
21269,30068,11-juil.-07
21270,30193,11-juil.-07
21271,30299,11-juil.-07
21272,30105,11-juil.-07
21273,30105,11-juil.-07
21274,30303,11-juil.-07
21275,30176,11-juil.-07
21276,30400,11-juil.-07
21277,30121,11-juil.-07
21278,30141,11-juil.-07
21279,30068,11-juil.-07
21280,30085,11-juil.-07
21281,30420,11-juil.-07
21282,30085,11-juil.-07
21283,30085,11-juil.-07
21284,30085,11-juil.-07
21285,30505,11-juil.-07
21286,30067,11-juil.-07
21287,30067,11-juil.-07
21288,30067,11-juil.-07
21289,30363,11-juil.-07
21290,30303,11-juil.-07
21291,30356,11-juil.-07
21292,30266,11-juil.-07
21293,30135,11-juil.-07
21294,30371,11-juil.-07
21295,30393,11-juil.-07
21296,30393,11-juil.-07
21297,30393,11-juil.-07
21298,30393,11-juil.-07
21299,30252,11-juil.-07
21300,30054,11-juil.-07
21302,30017,11-juil.-07
21303,30303,11-juil.-07
21307,30198,11-juil.-07
21308,30411,11-juil.-07
21309,30142,11-juil.-07
21310,30106,11-juil.-07
21311,30413,12-mars-09
21312,30121,11-juil.-07
21313,30085,11-juil.-07
21314,30345,11-juil.-07
21315,30053,11-juil.-07
21316,30053,11-juil.-07
21317,30085,11-juil.-07
21318,30286,11-juil.-07
21319,30447,11-juil.-07
21320,30301,11-juil.-07
21321,30136,11-juil.-07
21322,30101,11-juil.-07
21323,30101,11-juil.-07
21324,30101,11-juil.-07
21325,30359,11-juil.-07
21326,30359,11-juil.-07
21327,30359,11-juil.-07
21328,30359,11-juil.-07
21329,30359,11-juil.-07
21330,30068,11-juil.-07
21331,30360,11-juil.-07
21332,30361,11-juil.-07
21333,30361,11-juil.-07
21334,30363,11-juil.-07
21335,30102,11-juil.-07
21336,30102,11-juil.-07
21337,30102,11-juil.-07
21338,30102,11-juil.-07
21339,30364,11-juil.-07
21340,30364,11-juil.-07
21341,30019,06-avr.-10
21342,30365,11-juil.-07
21343,30365,11-juil.-07
21344,30365,11-juil.-07
21345,30495,11-juil.-07
21346,30495,11-juil.-07
21347,30324,11-juil.-07
21348,30030,11-juil.-07
21349,30103,11-juil.-07
21350,30103,11-juil.-07
21351,30104,11-juil.-07
21352,30301,11-juil.-07
21353,30301,11-juil.-07
21354,30301,11-juil.-07
21355,30301,11-juil.-07
21356,30301,11-juil.-07
21357,30301,11-juil.-07
21358,30301,11-juil.-07
21359,30301,11-juil.-07
21360,30301,11-juil.-07
21361,30301,11-juil.-07
21362,30068,11-juil.-07
21363,30105,11-juil.-07
21364,30367,11-juil.-07
21365,30367,11-juil.-07
21366,30287,11-juil.-07
21367,30287,11-juil.-07
21368,30287,11-juil.-07
21369,30287,11-juil.-07
21370,30005,11-juil.-07
21371,30031,11-juil.-07
21372,30187,11-juil.-07
21373,30085,11-juil.-07
21374,30141,11-juil.-07
21375,30060,11-juil.-07
21376,30371,11-juil.-07
21377,30373,11-juil.-07
21378,30012,11-juil.-07
21379,30463,11-juil.-07
21380,30148,11-juil.-07
21381,30132,24-mars-08
21383,30410,11-juil.-07
21384,30410,11-juil.-07
21385,30190,11-juil.-07
21386,30069,11-juil.-07
21387,30226,11-juil.-07
21388,30344,11-juil.-07
21389,30085,11-juil.-07
21390,30377,11-juil.-07
21391,30377,11-juil.-07
21392,30377,11-juil.-07
21393,30377,11-juil.-07
21394,30377,11-juil.-07
21395,30377,11-juil.-07
21396,30238,11-juil.-07
21397,30301,11-juil.-07
21398,30108,11-juil.-07
21399,30107,11-juil.-07
21400,30020,11-juil.-07
21401,30379,11-juil.-07
21402,30436,11-juil.-07
21403,30436,11-juil.-07
21404,30436,11-juil.-07
21405,30436,11-juil.-07
21406,30436,11-juil.-07
21407,30436,11-juil.-07
21408,30068,11-juil.-07
21409,30020,11-juil.-07
21410,30035,12-oct.-09
21411,30249,11-juil.-07
21412,30085,11-juil.-07
21413,30085,11-juil.-07
21414,30085,11-juil.-07
21415,30191,11-juil.-07
21416,30336,11-juil.-07
21417,30121,11-juil.-07
21418,30107,11-juil.-07
21419,30383,11-juil.-07
21420,30264,11-juil.-07
21421,30025,14-mars-08
21422,30025,14-mars-08
21423,30315,11-juil.-07
21424,30218,11-juil.-07
21425,30110,11-juil.-07
21426,30442,11-juil.-07
21427,30301,11-juil.-07
21428,30301,11-juil.-07
21429,30301,11-juil.-07
21430,30301,11-juil.-07
21431,30068,11-juil.-07
21433,30068,11-juil.-07
21434,30497,11-juil.-07
21435,30111,11-juil.-07
21436,30465,11-juil.-07
21437,30384,11-juil.-07
21438,30142,11-juil.-07
21439,30385,11-juil.-07
21440,30474,11-juil.-07
21441,30015,11-juil.-07
21442,30386,11-juil.-07
21443,30386,11-juil.-07
21444,30387,11-juil.-07
21445,30121,11-juil.-07
21446,30121,11-juil.-07
21447,30121,11-juil.-07
21448,30486,11-juil.-07
21449,30486,11-juil.-07
21450,30297,11-juil.-07
21451,30297,11-juil.-07
21452,30297,11-juil.-07
21453,30297,11-juil.-07
21454,30385,11-juil.-07
21455,30495,11-juil.-07
21456,30385,11-juil.-07
21457,30385,11-juil.-07
21458,30385,11-juil.-07
21459,30112,11-juil.-07
21460,30112,11-juil.-07
21461,30112,11-juil.-07
21462,30112,11-juil.-07
21463,30285,11-juil.-07
21464,30388,11-juil.-07
21465,30340,11-juil.-07
21466,30393,11-juil.-07
21467,30393,11-juil.-07
21468,30393,11-juil.-07
21469,30312,11-juil.-07
21470,30438,11-juil.-07
21471,30285,11-juil.-07
21472,30161,11-juil.-07
21473,30161,11-juil.-07
21474,30161,11-juil.-07
21475,30161,11-juil.-07
21476,30411,11-juil.-07
21477,30020,11-juil.-07
21478,30020,11-juil.-07
21479,30166,11-juil.-07
21480,30121,11-juil.-07
21481,30121,11-juil.-07
21482,30121,11-juil.-07
21483,30113,11-juil.-07
21484,30113,11-juil.-07
21485,30113,11-juil.-07
21486,30113,11-juil.-07
21487,30113,11-juil.-07
21488,30113,11-juil.-07
21489,30011,11-juil.-07
21490,30389,11-juil.-07
21491,30389,11-juil.-07
21492,30390,11-juil.-07
21493,30390,11-juil.-07
21494,30071,11-juil.-07
21495,30071,11-juil.-07
21496,30393,11-juil.-07
21497,30393,12-mars-09
21498,30393,12-mars-09
21499,30393,12-mars-09
21500,30393,11-juil.-07
21501,30393,12-mars-09
21502,30393,11-juil.-07
21503,30393,23-mars-08
21504,30497,11-juil.-07
21505,30497,11-juil.-07
21506,30497,11-juil.-07
21507,30497,11-juil.-07
21508,30497,11-juil.-07
21509,30497,11-juil.-07
21510,30497,11-juil.-07
21511,30497,11-juil.-07
21512,30497,11-juil.-07
21513,30497,11-juil.-07
21514,30497,11-juil.-07
21515,30497,11-juil.-07
21516,30497,11-juil.-07
21517,30497,11-juil.-07
21518,30497,11-juil.-07
21519,30497,11-juil.-07
21520,30497,11-juil.-07
21521,30497,11-juil.-07
21522,30497,11-juil.-07
21523,30497,11-juil.-07
21524,30444,11-juil.-07
21525,30121,11-juil.-07
21526,30121,11-juil.-07
21527,30121,11-juil.-07
21528,30395,11-juil.-07
21529,30395,11-juil.-07
21530,30085,11-juil.-07
21531,30373,11-juil.-07
21532,30213,11-juil.-07
21533,30213,11-juil.-07
21534,30213,11-juil.-07
21535,30367,11-juil.-07
21536,30087,11-juil.-07
21537,30020,11-juil.-07
21538,30398,11-juil.-07
21539,30011,11-juil.-07
21540,30148,11-juil.-07
21541,30100,11-juil.-07
21542,30007,11-juil.-07
21543,30007,11-juil.-07
21544,30121,11-juil.-07
21545,30121,11-juil.-07
21546,30121,11-juil.-07
21547,30050,11-juil.-07
21548,30068,11-juil.-07
21549,30068,11-juil.-07
21550,30068,11-juil.-07
21551,30068,11-juil.-07
21552,30068,11-juil.-07
21553,30019,11-juil.-07
21554,30107,11-juil.-07
21555,30014,11-juil.-07
21556,30422,11-juil.-07
21557,30121,11-juil.-07
21559,30123,11-juil.-07
21560,30266,11-juil.-07
21561,30017,11-juil.-07
21562,30017,11-juil.-07
21563,30017,11-juil.-07
21567,30140,11-juil.-07
21568,30135,11-juil.-07
21569,30121,11-juil.-07
21570,30121,11-juil.-07
21571,30121,11-juil.-07
21572,30121,11-juil.-07
21573,30148,11-juil.-07
21574,30148,11-juil.-07
21575,30148,11-juil.-07
21576,30068,11-juil.-07
21577,30115,11-juil.-07
21578,30115,11-juil.-07
21579,30404,11-juil.-07
21580,30116,11-juil.-07
21581,30020,11-juil.-07
21582,30405,11-juil.-07
21583,30064,11-juil.-07
21584,30161,11-juil.-07
21585,30137,11-juil.-07
21586,30105,11-juil.-07
21587,30011,11-juil.-07
21588,30014,11-juil.-07
21589,30406,11-juil.-07
21590,30116,11-juil.-07
21591,30116,11-juil.-07
21592,30116,11-juil.-07
21593,30116,11-juil.-07
21594,30116,11-juil.-07
21595,30116,11-juil.-07
21596,30116,11-juil.-07
21597,30116,11-juil.-07
21598,30116,11-juil.-07
21599,30116,11-juil.-07
21600,30116,11-juil.-07
21601,30116,11-juil.-07
21602,30116,11-juil.-07
21603,30116,11-juil.-07
21604,30116,11-juil.-07
21605,30116,11-juil.-07
21606,30117,11-juil.-07
21607,30117,11-juil.-07
21608,30117,11-juil.-07
21609,30407,11-juil.-07
21610,30009,11-juil.-07
21611,30009,11-juil.-07
21612,30009,11-juil.-07
21613,30009,11-juil.-07
21614,30068,11-juil.-07
21615,30068,11-juil.-07
21616,30068,11-juil.-07
21617,30410,11-juil.-07
21618,30390,11-juil.-07
21619,30418,11-juil.-07
21620,30118,11-juil.-07
21621,30118,11-juil.-07
21622,30118,11-juil.-07
21623,30118,11-juil.-07
21624,30118,11-juil.-07
21625,30396,11-juil.-07
21626,30128,11-juil.-07
21627,30128,11-juil.-07
21628,30128,11-juil.-07
21629,30128,11-juil.-07
21630,30128,11-juil.-07
21631,30411,11-juil.-07
21632,30382,11-juil.-07
21633,30319,11-juil.-07
21634,30411,11-juil.-07
21635,30412,11-juil.-07
21636,30412,11-juil.-07
21637,30425,11-juil.-07
21638,30120,11-juil.-07
21639,30121,11-juil.-07
21640,30121,11-juil.-07
21642,30122,11-juil.-07
21643,30122,11-juil.-07
21644,30024,11-juil.-07
21645,30301,11-juil.-07
21646,30085,11-juil.-07
21647,30123,11-juil.-07
21648,30506,11-juil.-07
21649,30506,11-juil.-07
21650,30506,11-juil.-07
21651,30506,11-juil.-07
21652,30506,11-juil.-07
21653,30506,11-juil.-07
21654,30506,11-juil.-07
21655,30506,11-juil.-07
21656,30506,11-juil.-07
21657,30506,11-juil.-07
21658,30303,11-juil.-07
21659,30303,11-juil.-07
21660,30413,11-juil.-07
21661,30506,11-juil.-07
21662,30506,11-juil.-07
21663,30124,11-juil.-07
21664,30125,11-juil.-07
21665,30243,11-juil.-07
21666,30243,11-juil.-07
21667,30126,11-juil.-07
21668,30138,11-juil.-07
21669,30138,11-juil.-07
21670,30138,11-juil.-07
21671,30138,11-juil.-07
21672,30138,11-juil.-07
21673,30138,11-juil.-07
21674,30138,11-juil.-07
21675,30138,11-juil.-07
21676,30138,11-juil.-07
21677,30138,11-juil.-07
21678,30415,11-juil.-07
21679,30416,11-juil.-07
21680,30135,11-juil.-07
21681,30127,11-juil.-07
21682,30127,11-juil.-07
21683,30230,11-juil.-07
21684,30223,11-juil.-07
21685,30417,11-juil.-07
21686,30068,11-juil.-07
21687,30135,11-juil.-07
21688,30135,11-juil.-07
21689,30135,11-juil.-07
21690,30135,11-juil.-07
21691,30135,11-juil.-07
21692,30135,11-juil.-07
21693,30426,11-juil.-07
21694,30284,11-juil.-07
21695,30004,11-juil.-07
21696,30004,11-juil.-07
21697,30002,11-juil.-07
21698,30135,11-juil.-07
21699,30135,11-juil.-07
21700,30135,11-juil.-07
21701,30135,11-juil.-07
21702,30135,11-juil.-07
21703,30135,11-juil.-07
21704,30135,11-juil.-07
21705,30135,11-juil.-07
21706,30369,11-juil.-07
21707,30135,11-juil.-07
21708,30135,11-juil.-07
21709,30135,11-juil.-07
21710,30135,11-juil.-07
21711,30135,11-juil.-07
21712,30451,11-juil.-07
21713,30375,11-juil.-07
21714,30135,11-juil.-07
21715,30419,11-juil.-07
21716,30411,11-juil.-07
21717,30116,11-juil.-07
21718,30116,11-juil.-07
21719,30105,11-juil.-07
21720,30475,11-juil.-07
21722,30068,11-juil.-07
21723,30421,11-juil.-07
21724,30136,11-juil.-07
21725,30057,11-juil.-07
21726,30129,11-juil.-07
21727,30084,11-juil.-07
21728,30121,11-juil.-07
21729,30423,11-juil.-07
21730,30355,11-juil.-07
21731,30424,11-juil.-07
21733,30030,11-juil.-07
21734,30297,11-juil.-07
21735,30092,11-juil.-07
21736,30135,11-juil.-07
21737,30135,11-juil.-07
21738,30135,11-juil.-07
21739,30069,11-juil.-07
21740,30069,11-juil.-07
21741,30069,11-juil.-07
21742,30069,11-juil.-07
21743,30069,11-juil.-07
21744,30069,11-juil.-07
21745,30069,11-juil.-07
21746,30069,11-juil.-07
21747,30069,11-juil.-07
21748,30069,11-juil.-07
21749,30069,11-juil.-07
21750,30069,11-juil.-07
21751,30069,11-juil.-07
21752,30069,11-juil.-07
21753,30069,11-juil.-07
21754,30069,11-juil.-07
21755,30069,11-juil.-07
21756,30069,11-juil.-07
21757,30069,11-juil.-07
21758,30069,11-juil.-07
21759,30428,11-juil.-07
21760,30429,11-juil.-07
21761,30429,11-juil.-07
21762,30238,11-juil.-07
21763,30132,11-juil.-07
21764,30132,11-juil.-07
21765,30031,11-juil.-07
21766,30031,11-juil.-07
21767,30450,11-juil.-07
21768,30363,11-juil.-07
21769,30363,11-juil.-07
21770,30012,11-juil.-07
21771,30133,11-juil.-07
21772,30133,11-juil.-07
21774,30125,11-juil.-07
21775,30328,11-juil.-07
21776,30359,11-juil.-07
21777,30065,11-juil.-07
21778,30359,11-juil.-07
21779,30359,11-juil.-07
21780,30064,11-juil.-07
21783,30009,11-juil.-07
21784,30009,11-juil.-07
21785,30009,11-juil.-07
21786,30009,11-juil.-07
21787,30217,11-juil.-07
21788,30075,11-juil.-07
21789,30075,11-juil.-07
21790,30075,11-juil.-07
21791,30075,11-juil.-07
21792,30075,11-juil.-07
21793,30075,11-juil.-07
21794,30292,11-juil.-07
21795,30067,11-juil.-07
21796,30068,11-juil.-07
21797,30135,11-juil.-07
21798,30135,11-juil.-07
21799,30135,11-juil.-07
21800,30135,11-juil.-07
21801,30085,11-juil.-07
21802,30017,11-juil.-07
21803,30136,11-juil.-07
21804,30135,11-juil.-07
21805,30135,11-juil.-07
21806,30135,11-juil.-07
21807,30135,11-juil.-07
21808,30135,11-juil.-07
21809,30020,11-juil.-07
21810,30505,11-juil.-07
21811,30125,11-juil.-07
21812,30125,11-juil.-07
21813,30125,11-juil.-07
21814,30125,11-juil.-07
21815,30125,11-juil.-07
21816,30137,11-juil.-07
21818,30435,11-juil.-07
21819,30121,11-juil.-07
21820,30042,11-juil.-07
21821,30233,11-juil.-07
21822,30072,11-juil.-07
21823,30007,11-juil.-07
21824,30138,11-juil.-07
21825,30138,11-juil.-07
21826,30138,11-juil.-07
21827,30138,11-juil.-07
21828,30138,11-juil.-07
21829,30436,11-juil.-07
21830,30436,11-juil.-07
21831,30007,11-juil.-07
21832,30007,11-juil.-07
21833,30139,11-juil.-07
21834,30436,11-juil.-07
21835,30085,11-juil.-07
21836,30085,11-juil.-07
21837,30040,11-juil.-07
21838,30395,11-juil.-07
21839,30135,11-juil.-07
21840,30140,11-juil.-07
21841,30020,11-juil.-07
21842,30141,11-juil.-07
21843,30042,11-juil.-07
21844,30042,11-juil.-07
21845,30143,11-juil.-07
21846,30438,11-juil.-07
21847,30439,11-juil.-07
21848,30450,11-juil.-07
21849,30254,11-juil.-07
21850,30254,11-juil.-07
21851,30254,11-juil.-07
21852,30254,11-juil.-07
21853,30087,11-juil.-07
21854,30085,11-juil.-07
21855,30020,11-juil.-07
21856,30144,11-juil.-07
21857,30040,11-juil.-07
21858,30483,11-juil.-07
21859,30015,11-juil.-07
21860,30009,11-juil.-07
21861,30009,11-juil.-07
21862,30176,11-juil.-07
21863,30443,11-juil.-07
21864,30035,11-juil.-07
21865,30056,11-juil.-07
21866,30054,11-juil.-07
21867,30019,11-juil.-07
21868,30056,11-juil.-07
21869,30445,11-juil.-07
21870,30446,11-juil.-07
21871,30371,11-juil.-07
21872,30446,11-juil.-07
21873,30448,11-juil.-07
21874,30020,11-juil.-07
21875,30450,11-juil.-07
21876,30450,11-juil.-07
21877,30450,11-juil.-07
21878,30451,11-juil.-07
21880,30020,23-nov.-09
21881,30145,11-juil.-07
21882,30452,11-juil.-07
21883,30416,11-juil.-07
21884,30453,11-juil.-07
21885,30121,11-juil.-07
21886,30053,11-juil.-07
21887,30035,13-juin-09
21888,30020,11-juil.-07
21889,30068,11-juil.-07
21890,30068,11-juil.-07
21891,30454,11-juil.-07
21892,30454,11-juil.-07
21893,30342,11-juil.-07
21894,30054,11-juil.-07
21895,30054,11-juil.-07
21896,30302,11-juil.-07
21897,30229,11-juil.-07
21898,30229,11-juil.-07
21900,30456,11-juil.-07
21901,30020,11-juil.-07
21902,30114,11-juil.-07
21903,30121,11-juil.-07
21904,30121,11-juil.-07
21905,30062,11-juil.-07
21906,30042,11-juil.-07
21907,30457,11-juil.-07
21908,30458,11-juil.-07
21909,30020,11-juil.-07
21910,30459,11-juil.-07
21911,30031,11-juil.-07
21912,30031,11-juil.-07
21913,30072,11-juil.-07
21914,30460,11-juil.-07
21915,30031,11-juil.-07
21916,30269,11-juil.-07
21917,30269,11-juil.-07
21918,30147,11-juil.-07
21919,30147,11-juil.-07
21920,30148,11-juil.-07
21921,30148,11-juil.-07
21922,30148,11-juil.-07
21923,30148,11-juil.-07
21924,30148,11-juil.-07
21925,30462,11-juil.-07
21926,30462,11-juil.-07
21927,30462,11-juil.-07
21928,30161,11-juil.-07
21929,30301,11-juil.-07
21930,30301,11-juil.-07
21931,30301,11-juil.-07
21932,30301,11-juil.-07
21933,30301,11-juil.-07
21934,30301,11-juil.-07
21935,30301,11-juil.-07
21936,30020,11-juil.-07
21937,30020,11-juil.-07
21938,30020,11-juil.-07
21939,30020,11-juil.-07
21940,30068,11-juil.-07
21941,30135,11-juil.-07
21942,30464,11-juil.-07
21943,30121,11-juil.-07
21944,30121,11-juil.-07
21945,30121,11-juil.-07
21946,30121,11-juil.-07
21947,30121,11-juil.-07
21948,30068,11-juil.-07
21949,30465,11-juil.-07
21950,30465,11-juil.-07
21951,30014,11-juil.-07
21952,30014,11-juil.-07
21953,30068,11-juil.-07
21954,30467,11-juil.-07
21955,30007,11-juil.-07
21956,30135,11-juil.-07
21957,30135,11-juil.-07
21958,30382,11-juil.-07
21959,30375,11-juil.-07
21960,30009,11-juil.-07
21961,30009,11-juil.-07
21962,30009,11-juil.-07
21963,30465,11-juil.-07
21964,30502,11-juil.-07
21965,30502,11-juil.-07
21966,30121,11-juil.-07
21967,30254,11-juil.-07
21968,30469,11-juil.-07
21969,30470,11-juil.-07
21970,30374,11-juil.-07
21971,30085,11-juil.-07
21972,30471,11-juil.-07
21973,30042,11-juil.-07
21974,30410,11-juil.-07
21975,30410,11-juil.-07
21976,30410,11-juil.-07
21977,30410,11-juil.-07
21978,30028,11-juil.-07
21979,30121,11-juil.-07
21980,30012,11-juil.-07
21981,30095,11-juil.-07
21982,30005,11-juil.-07
21983,30020,11-juil.-07
21984,30472,11-juil.-07
21985,30121,11-juil.-07
21986,30121,11-juil.-07
21987,30473,11-juil.-07
21988,30473,11-juil.-07
21989,30476,11-juil.-07
21990,30426,11-juil.-07
21991,30477,11-juil.-07
21992,30150,11-juil.-07
21993,30007,11-juil.-07
21994,30479,11-juil.-07
21995,30479,11-juil.-07
21996,30212,11-juil.-07
21997,30478,11-juil.-07
21998,30478,11-juil.-07
21999,30040,11-juil.-07
22000,30030,11-juil.-07
22001,30107,11-juil.-07
22002,30107,11-juil.-07
22003,30105,11-juil.-07
22004,30481,11-juil.-07
22005,30026,11-juil.-07
22006,30058,11-juil.-07
22007,30020,11-juil.-07
22008,30068,11-juil.-07
22009,30152,11-juil.-07
22010,30058,11-juil.-07
22011,30020,11-juil.-07
22012,30020,11-juil.-07
22013,30020,11-juil.-07
22014,30020,11-juil.-07
22015,30054,11-juil.-07
22016,30153,11-juil.-07
22017,30153,11-juil.-07
22018,30153,11-juil.-07
22019,30026,11-juil.-07
22020,30163,11-juil.-07
22021,30179,11-juil.-07
22022,30484,11-juil.-07
22023,30254,11-juil.-07
22024,30486,11-juil.-07
22025,30486,11-juil.-07
22026,30486,11-juil.-07
22028,30085,11-juil.-07
22029,30376,11-juil.-07
22030,30315,11-juil.-07
22031,30095,11-juil.-07
22032,30303,11-juil.-07
22033,30488,11-juil.-07
22034,30489,11-juil.-07
22035,30489,11-juil.-07
22037,30031,11-juil.-07
22038,30054,11-juil.-07
22039,30054,11-juil.-07
22040,30054,11-juil.-07
22041,30054,11-juil.-07
22042,30054,11-juil.-07
22043,30450,11-juil.-07
22044,30450,11-juil.-07
22045,30450,11-juil.-07
22046,30450,11-juil.-07
22047,30450,11-juil.-07
22048,30436,11-juil.-07
22049,30085,11-juil.-07
22050,30085,11-juil.-07
22051,30004,11-juil.-07
22052,30097,11-juil.-07
22053,30007,11-juil.-07
22054,30314,11-juil.-07
22055,30095,11-juil.-07
22056,30095,11-juil.-07
22057,30095,11-juil.-07
22058,30271,11-juil.-07
22059,30490,11-juil.-07
22060,30490,11-juil.-07
22061,30491,11-juil.-07
22062,30379,11-juil.-07
22063,30379,11-juil.-07
22064,30243,11-juil.-07
22065,30493,11-juil.-07
22066,30437,11-juil.-07
22067,30229,11-juil.-07
22068,30393,11-juil.-07
22069,30020,23-nov.-09
22070,30108,11-juil.-07
22071,30160,11-juil.-07
22072,30431,11-juil.-07
22073,30431,11-juil.-07
22074,30431,11-juil.-07
22075,30484,11-juil.-07
22076,30496,11-juil.-07
22077,30324,11-juil.-07
22078,30498,11-juil.-07
22079,30198,11-juil.-07
22080,30198,11-juil.-07
22081,30198,11-juil.-07
22082,30198,11-juil.-07
22083,30198,11-juil.-07
22084,30198,11-juil.-07
22085,30198,11-juil.-07
22087,30053,11-juil.-07
22088,30053,11-juil.-07
22089,30509,11-juil.-07
22092,30068,11-juil.-07
22093,30068,11-juil.-07
22094,30499,11-juil.-07
22095,30068,11-juil.-07
22096,30095,11-juil.-07
22097,30121,11-juil.-07
22098,30121,11-juil.-07
22099,30121,11-juil.-07
22100,30303,11-juil.-07
22101,30121,11-juil.-07
22102,30121,11-juil.-07
22103,30121,11-juil.-07
22104,30121,11-juil.-07
22105,30121,11-juil.-07
22106,30121,29-sept.-09
22107,30121,11-juil.-07
22108,30276,11-juil.-07
22109,30276,11-juil.-07
22110,30132,11-juil.-07
22111,30158,11-juil.-07
22112,30158,11-juil.-07
22113,30116,11-juil.-07
22114,30500,11-juil.-07
22115,30089,11-juil.-07
22116,30089,11-juil.-07
22117,30501,11-juil.-07
22118,30020,11-juil.-07
22119,30159,11-juil.-07
22120,30159,11-juil.-07
22121,30004,11-juil.-07
22122,30004,11-juil.-07
22123,30068,11-juil.-07
22124,30068,11-juil.-07
22125,30022,11-juil.-07
22126,30160,11-juil.-07
22127,30160,11-juil.-07
22128,30160,11-juil.-07
22129,30160,11-juil.-07
22130,30160,11-juil.-07
22131,30410,11-juil.-07
22132,30410,11-juil.-07
22133,30410,11-juil.-07
22134,30410,11-juil.-07
22135,30410,11-juil.-07
22136,30277,11-juil.-07
22137,30297,11-juil.-07
22138,30226,11-juil.-07
22139,30161,11-juil.-07
22140,30502,11-juil.-07
22141,30502,11-juil.-07
22142,30502,11-juil.-07
22143,30502,11-juil.-07
22144,30502,11-juil.-07
22145,30502,11-juil.-07
22146,30064,11-juil.-07
22147,30064,11-juil.-07
22148,30064,11-juil.-07
22149,30064,11-juil.-07
22150,30173,15-juin-09
22151,30173,15-juin-09
22152,30109,11-juil.-07
22153,30503,11-juil.-07
22154,30505,11-juil.-07
22155,30145,11-juil.-07
22156,30163,11-juil.-07
22157,30020,11-juil.-07
22158,30145,11-juil.-07
22160,30506,11-juil.-07
22161,30506,11-juil.-07
22162,30506,11-juil.-07
22163,30506,11-juil.-07
22164,30506,11-juil.-07
22165,30506,11-juil.-07
22166,30506,11-juil.-07
22167,30506,11-juil.-07
22168,30506,11-juil.-07
22169,30506,11-juil.-07
22170,30506,11-juil.-07
22171,30506,11-juil.-07
22172,30506,11-juil.-07
22173,30040,11-juil.-07
22174,30040,11-juil.-07
22175,30040,11-juil.-07
22176,30068,11-juil.-07
22177,30068,11-juil.-07
22178,30068,11-juil.-07
22179,30068,11-juil.-07
22180,30068,11-juil.-07
22181,30068,11-juil.-07
22182,30068,11-juil.-07
22183,30068,11-juil.-07
22184,30068,11-juil.-07
22185,30012,11-juil.-07
22187,30164,11-juil.-07
22188,30507,11-juil.-07
22189,30507,11-juil.-07
22190,30142,11-juil.-07
22191,30166,11-juil.-07
22192,30166,11-juil.-07
22193,30226,11-juil.-07
22194,30121,11-juil.-07
22196,30040,11-juil.-07
22197,30068,11-juil.-07
22198,30020,11-juil.-07
22199,30020,11-juil.-07
22200,30020,11-juil.-07
22201,30014,11-juil.-07
22202,30508,11-juil.-07
22203,30019,11-juil.-07
22204,30019,11-juil.-07
22205,30246,11-juil.-07
22206,30137,11-juil.-07
22207,30121,11-juil.-07
22208,30121,11-juil.-07
22209,30121,11-juil.-07
22210,30510,11-juil.-07
22211,30167,11-juil.-07
22212,30020,11-juil.-07
22213,30121,11-juil.-07
22214,30133,11-juil.-07
22215,30133,11-juil.-07
22216,30511,11-juil.-07
22217,30484,11-juil.-07
22218,30121,11-juil.-07
22219,30390,06-avr.-10
22220,30168,11-juil.-07
22221,30084,11-juil.-07
22222,30068,11-juil.-07
22224,30031,11-juil.-07
22225,30383,17-juil.-07
22227,30020,07-août-07
22228,30504,07-août-07
22229,30316,07-août-07
22230,30089,06-avr.-10
22232,30228,11-sept.-07
22233,30238,11-sept.-07
22234,30068,11-sept.-07
22236,30020,04-oct.-07
22238,30169,04-oct.-07
22239,30017,17-oct.-07
22240,30390,17-oct.-07
22241,30267,17-oct.-07
22242,30313,17-oct.-07
22243,30313,17-oct.-07
22247,30359,17-oct.-07
22248,30470,17-oct.-07
22249,30497,01-nov.-07
22250,30492,01-nov.-07
22251,30492,01-nov.-07
22252,30492,01-nov.-07
22253,30492,01-nov.-07
22254,30492,01-nov.-07
22255,30492,01-nov.-07
22256,30297,01-nov.-07
22257,30298,01-nov.-07
22259,30020,01-nov.-07
22260,30297,01-nov.-07
22263,30298,29-nov.-07
22264,30298,29-nov.-07
22265,30271,09-déc.-07
22266,30455,06-avr.-10
22267,30426,09-déc.-07
22268,30435,09-déc.-07
22269,30121,09-déc.-07
22270,30068,09-déc.-07
22272,30101,09-déc.-07
22273,30342,11-déc.-07
22274,30390,11-déc.-07
22275,30221,11-déc.-07
22276,30053,11-juil.-07
22277,30053,11-juil.-07
22278,30064,11-juil.-07
22279,30135,11-juil.-07
22280,30010,11-juil.-07
22281,30298,01-nov.-07
22282,30410,11-juil.-07
22283,30305,11-juil.-07
22284,30410,11-juil.-07
22285,30446,11-juil.-07
22286,30473,11-juil.-07
22287,30479,11-juil.-07
22288,30135,25-déc.-07
22289,30075,25-déc.-07
22290,30454,25-déc.-07
22291,30229,25-déc.-07
22293,30017,25-déc.-07
22294,30017,25-déc.-07
22295,30410,11-juil.-07
22296,30359,25-déc.-07
22297,30410,25-déc.-07
22298,30354,06-avr.-10
22299,30320,31-déc.-07
22300,30050,31-déc.-07
22301,30068,31-déc.-07
22302,30385,31-déc.-07
22303,30148,31-déc.-07
22304,30295,31-déc.-07
22305,30295,31-déc.-07
22306,30068,31-déc.-07
22307,30365,05-janv.-08
22308,30156,13-janv.-08
22309,30020,15-janv.-08
22310,30049,15-janv.-08
22311,30436,15-janv.-08
22312,30412,15-janv.-08
22313,30507,04-févr.-08
22314,30507,04-févr.-08
22315,30414,04-févr.-08
22316,30474,04-févr.-08
22317,30450,04-févr.-08
22318,30288,04-févr.-08
22319,30390,05-mars-08
22320,30416,05-mars-08
22321,30019,05-mars-08
22322,30019,05-mars-08
22323,30207,05-mars-08
22324,30208,05-mars-08
22325,30155,05-mars-08
22326,30108,05-mars-08
22327,30392,05-mars-08
22328,30048,05-mars-08
22329,30262,05-mars-08
22330,30030,05-mars-08
22331,30402,05-mars-08
22332,30324,05-mars-08
22333,30095,05-mars-08
22334,30494,05-mars-08
22336,30080,05-mars-08
22337,30031,05-mars-08
22338,30089,05-mars-08
22339,30348,05-mars-08
22340,30091,05-mars-08
22341,30234,05-mars-08
22342,30103,05-mars-08
22343,30388,05-mars-08
22344,30391,05-mars-08
22345,30359,05-mars-08
22346,30403,05-mars-08
22347,30116,05-mars-08
22348,30121,05-mars-08
22349,30127,05-mars-08
22350,30125,05-mars-08
22351,30505,05-mars-08
22352,30435,05-mars-08
22353,30435,05-mars-08
22355,30382,05-mars-08
22356,30138,05-mars-08
22357,30138,05-mars-08
22358,30138,05-mars-08
22359,30395,05-mars-08
22360,30056,05-mars-08
22361,30453,05-mars-08
22362,30357,05-mars-08
22363,30410,05-mars-08
22364,30140,05-mars-08
22365,30012,05-mars-08
22366,30113,05-mars-08
22367,30461,05-mars-08
22368,30189,05-mars-08
22369,30240,06-avr.-10
22370,30089,05-mars-08
22371,30121,05-mars-08
22372,30053,11-mars-08
22373,30068,21-mars-08
22374,30497,23-mars-08
22375,30175,23-mars-08
22376,30397,03-mai-08
22377,30311,04-mai-08
22378,30020,04-mai-08
22379,30443,25-mai-08
22380,30384,25-mai-08
22381,30135,25-mai-08
22382,30329,25-mai-08
22383,30192,22-juin-08
22384,30192,22-juin-08
22385,30440,22-juin-08
22386,30268,22-juin-08
22387,30283,10-sept.-09
22388,30268,22-juin-08
22389,30183,22-juin-08
22390,30197,22-juin-08
22391,30283,22-juin-08
22392,30328,22-juin-08
22393,30328,22-juin-08
22394,30318,22-juin-08
22395,30418,22-juin-08
22396,30195,22-juin-08
22397,30470,22-juin-08
22398,30448,22-juin-08
22399,30470,22-juin-08
22400,30279,22-juin-08
22402,30311,14-juil.-08
22403,30465,14-juil.-08
22404,30328,14-juil.-08
22405,30068,14-juil.-08
22406,30068,14-juil.-08
22407,30171,06-août-08
22408,30007,06-août-08
22409,30137,06-août-08
22410,30498,06-août-08
22411,30002,22-août-08
22412,30025,03-sept.-08
22413,30497,03-sept.-08
22414,30229,03-sept.-08
22415,30254,03-sept.-08
22416,30068,30-sept.-08
22417,30068,30-sept.-08
22418,30020,27-nov.-08
22419,30253,06-janv.-09
22420,30414,26-janv.-09
22421,30121,26-janv.-09
22422,30121,27-janv.-09
22423,30178,27-janv.-09
22424,30202,28-janv.-09
22425,30505,12-févr.-09
22426,30505,12-févr.-09
22427,30202,22-févr.-09
22428,30271,24-avr.-09
22429,30193,24-avr.-09
22430,30465,24-avr.-09
22431,30343,24-avr.-09
22432,30254,24-avr.-09
22433,30451,24-avr.-09
22434,30068,24-avr.-09
22435,30222,15-juin-09
22436,30276,15-juin-09
22437,30172,15-juin-09
22438,30393,15-juin-09
22439,30370,15-juin-09
22440,30137,15-juin-09
22441,30007,21-juin-09
22442,30291,23-juil.-09
22443,30291,23-juil.-09
22444,30507,23-juil.-09
22445,30507,23-juil.-09
22446,30507,23-juil.-09
22447,30229,23-juil.-09
22448,30356,10-sept.-09
22449,30356,10-sept.-09
22450,30506,10-sept.-09
22451,30506,10-sept.-09
22452,30506,10-sept.-09
22453,30436,10-sept.-09
22454,30436,10-sept.-09
22455,30443,10-sept.-09
22456,30306,10-sept.-09
22457,30229,10-sept.-09
22458,30453,10-sept.-09
22459,30271,10-sept.-09
22460,30271,10-sept.-09
22461,30249,10-sept.-09
22462,30433,10-sept.-09
22463,30229,10-sept.-09
22464,30356,10-sept.-09
22465,30178,11-sept.-09
22466,30295,11-sept.-09
22467,30125,11-sept.-09
22468,30324,11-sept.-09
22469,30249,11-sept.-09
22470,30506,11-sept.-09
22471,30269,11-sept.-09
22472,30116,11-sept.-09
22473,30133,26-oct.-09
22474,30007,30-oct.-09
22475,30053,23-nov.-09
